{
	"resource":[
		{
			"color":"#081533",
			"description":"tabBar主题色",
			"dark#color":"#061029",
			"position":"tab_bar_theme_color",
			"type":"color"
		},
		{
			"color":"#000000",
			"description":"tab普通态字体颜色",
			"dark#color":"#ffffff",
			"position":"tab_bar_text_color_normal",
			"type":"color"
		},
		{
			"color":"#A6723A",
			"description":"tab选择态字体颜色",
			"dark#color":"#D9AB77",
			"position":"tab_bar_text_color_selected",
			"type":"color"
		},
		{
			"image":"tab_bar_home_icon_normal",
			"description":"首页tab普通态icon",
			"position":"tab_bar_home_icon_normal",
			"type":"image",
			"dark#image":"dark#tab_bar_home_icon_normal"
		},
		{
			"image":"tab_bar_home_icon_selected",
			"description":"首页tab选择态icon",
			"position":"tab_bar_home_icon_selected",
			"type":"image",
			"dark#image":"dark#tab_bar_home_icon_selected"
		},
		{
			"image":"tab_bar_wealth_icon_normal",
			"description":"理财tab普通态icon",
			"position":"tab_bar_wealth_icon_normal",
			"type":"image",
			"dark#image":"dark#tab_bar_wealth_icon_normal"
		},
		{
			"image":"tab_bar_wealth_icon_selected",
			"description":"理财tab选择态icon",
			"position":"tab_bar_wealth_icon_selected",
			"type":"image",
			"dark#image":"dark#tab_bar_wealth_icon_selected"
		},
		{
			"image":"tab_bar_life_icon_normal",
			"description":"生活tab普通态icon",
			"position":"tab_bar_life_icon_normal",
			"type":"image",
			"dark#image":"dark#tab_bar_life_icon_normal"
		},
		{
			"image":"tab_bar_life_icon_selected",
			"description":"生活tab选择态icon",
			"position":"tab_bar_life_icon_selected",
			"type":"image",
			"dark#image":"dark#tab_bar_life_icon_selected"
		},
		{
			"image":"tab_bar_msg_icon_normal",
			"description":"消息tab普通态icon",
			"position":"tab_bar_msg_icon_normal",
			"type":"image",
			"dark#image":"dark#tab_bar_msg_icon_normal"
		},
		{
			"image":"tab_bar_msg_icon_selected",
			"description":"消息tab选择态icon",
			"position":"tab_bar_msg_icon_selected",
			"type":"image",
			"dark#image":"dark#tab_bar_msg_icon_selected"
		},
		{
			"image":"tab_bar_mime_icon_normal",
			"description":"我的tab普通态icon",
			"position":"tab_bar_mime_icon_normal",
			"type":"image",
			"dark#image":"dark#tab_bar_mime_icon_normal"
		},
		{
			"image":"tab_bar_mime_icon_selected",
			"description":"我的tab选择态icon",
			"position":"tab_bar_mime_icon_selected",
			"type":"image",
			"dark#image":"dark#tab_bar_mime_icon_selected"
		},
		{
			"image":"tab_bar_internationa_icon_normal",
			"description":"惠出境tab普通态icon",
			"position":"tab_bar_internationa_icon_normal",
			"type":"image",
			"dark#image":"dark#tab_bar_internationa_icon_normal"
		},
		{
			"image":"tab_bar_internationa_icon_selected",
			"description":"惠出境tab选择态icon",
			"position":"tab_bar_internationa_icon_selected",
			"type":"image",
			"dark#image":"dark#tab_bar_internationa_icon_selected"
		},
		{
			"image":"home_scan_icon",
			"description":"扫一扫",
			"position":"home_scan_icon",
			"type":"image"
		},
		{
			"image":"home_pay_collect_icon",
			"description":"收收款",
			"position":"home_pay_collect_icon",
			"type":"image"
		},
		{
			"image":"home_transport_icon",
			"description":"出行",
			"position":"home_transport_icon",
			"type":"image"
		},
		{
			"image":"home_pocket_icon",
			"description":"卡包",
			"position":"home_pocket_icon",
			"type":"image"
		},
		{
			"image":"home_pay_icon",
			"description":"付款",
			"position":"home_pay_icon",
			"type":"image"
		},
		{
			"image":"home_collect_icon",
			"description":"收款",
			"position":"home_collect_icon",
			"type":"image"
		},
		{
			"image":"home_navi_bg",
			"description":"首页顶部背景图",
			"position":"home_navi_bg",
			"type":"image"
		},
		{
			"color":"#081533",
			"description":"首页顶部渐变遮罩",
			"position":"home_navi_mask",
			"type":"color"
		},
		{
			"color":"#081533",
			"description":"首页主题色",
			"position":"home_navi_theme_color",
			"type":"color"
		},
		{
			"image":"home_navi_bg",
			"description":"财富页顶部背景图",
			"position":"fortune_navi_bg",
			"type":"image"
		},
		{
			"color":"#081533",
			"description":"财富页顶部渐变遮罩",
			"position":"fortune_navi_mask",
			"type":"color"
		},
		{
			"color":"#081533",
			"description":"财富页主题色",
			"position":"fortune_navi_theme_color",
			"type":"color"
		},
		{
			"image":"home_navi_bg",
			"description":"生活页顶部背景图",
			"position":"living_navi_bg",
			"type":"image"
		},
		{
			"color":"#081533",
			"description":"生活页顶部渐变遮罩",
			"position":"living_navi_mask",
			"type":"color"
		},
		{
			"color":"#081533",
			"description":"生活页主题色",
			"position":"living_navi_theme_color",
			"type":"color"
		},
		{
			"image":"home_navi_bg",
			"description":"消息页顶部背景图",
			"position":"message_navi_bg",
			"type":"image"
		},
		{
			"color":"#081533",
			"description":"消息页顶部渐变遮罩",
			"position":"message_navi_mask",
			"type":"color"
		},
		{
			"color":"#081533",
			"description":"消息页主题色",
			"position":"message_navi_theme_color",
			"type":"color"
		},
		{
			"image":"me_navi_bg",
			"description":"我的顶部背景图",
			"position":"me_navi_bg",
			"type":"image"
		},
		{
			"color":"#081533",
			"description":"我的顶部渐变遮罩",
			"position":"me_navi_mask",
			"type":"color"
		},
		{
			"color":"#081533",
			"description":"我的主题色",
			"position":"me_navi_theme_color",
			"type":"color"
		},
		{
			"image":"tab_bar_publisher_icon_normal",
			"description":"生活发布器tab普通态icon",
			"position":"tab_bar_publisher_icon_normal",
			"type":"image",
			"dark#image":"dark#tab_bar_publisher_icon_normal"
		},
		{
			"image":"tab_bar_publisher_icon_selected",
			"description":"生活发布器tab选择态icon",
			"position":"tab_bar_publisher_icon_selected",
			"type":"image",
			"dark#image":"dark#tab_bar_publisher_icon_selected"
		},
		{
			"metaList":[
				{
					"image":"tab_bar_bg_200",
					"aspectRatio":200,
					"dark#image":"dark#tab_bar_bg_200"
				}
			],
			"image":"tab_bar_bg_200",
			"description":"tabBar背景图",
			"position":"tab_bar_bg",
			"type":"image",
			"dark#image":"dark#tab_bar_bg_200"
		}
	],
	"description":"财富黑卡专享支付宝皮肤",
	"skinId":"SKINC202300012315"
}