{
	"homeStage":{
		"20000869":{
			"image":"SKINC202300012315_20000869",
			"iconUrl":"https://mdn.alipayobjects.com/huamei_7cq5ei/afts/img/A*xxrwR4GB35QAAAAAAAAAAAAADqyVAQ/original"
		},
		"10000009":{
			"image":"SKINC202300012315_10000009",
			"iconUrl":"https://mdn.alipayobjects.com/huamei_7cq5ei/afts/img/A*zu2RQ72Td-MAAAAAAAAAAAAADqyVAQ/original"
		},
		"2021001178689171":{
			"image":"SKINC202300012315_2021001178689171",
			"iconUrl":"https://mdn.alipayobjects.com/huamei_7cq5ei/afts/img/A*sZGWQaMZMBIAAAAAAAAAAAAADqyVAQ/original"
		},
		"2021001182683935":{
			"image":"SKINC202300012315_2021001182683935",
			"iconUrl":"https://mdn.alipayobjects.com/huamei_7cq5ei/afts/img/A*pfguTIYR10wAAAAAAAAAAAAADqyVAQ/original"
		},
		"2021001160630824":{
			"image":"SKINC202300012315_2021001160630824",
			"iconUrl":"https://mdn.alipayobjects.com/huamei_7cq5ei/afts/img/A*L74SRaknLwEAAAAAAAAAAAAADqyVAQ/original"
		},
		"2021002147615737":{
			"image":"SKINC202300012315_2021002147615737",
			"iconUrl":"https://mdn.alipayobjects.com/huamei_7cq5ei/afts/img/A*t6cdQ75uvgQAAAAAAAAAAAAADqyVAQ/original"
		},
		"20000988":{
			"image":"SKINC202300012315_20000988",
			"iconUrl":"https://mdn.alipayobjects.com/huamei_7cq5ei/afts/img/A*Te3kQr59L0UAAAAAAAAAAAAADqyVAQ/original"
		},
		"20000987":{
			"image":"SKINC202300012315_20000987",
			"iconUrl":"https://mdn.alipayobjects.com/huamei_5w2yuq/afts/img/A*-hQ3S5zSOw4AAAAAAAAAAAAADkR8AQ/original"
		},
		"2021003160674131":{
			"image":"SKINC202300012315_2021003160674131",
			"iconUrl":"https://mdn.alipayobjects.com/huamei_7cq5ei/afts/img/A*4EPqRINTl2MAAAAAAAAAAAAADqyVAQ/original"
		},
		"20000193":{
			"image":"SKINC202300012315_20000193",
			"iconUrl":"https://mdn.alipayobjects.com/huamei_7cq5ei/afts/img/A*oPtISb3SkQAAAAAAAAAAAAAADqyVAQ/original"
		},
		"2017050407110255":{
			"image":"SKINC202300012315_2017050407110255",
			"iconUrl":"https://mdn.alipayobjects.com/huamei_7cq5ei/afts/img/A*RliTTpUvzW4AAAAAAAAAAAAADqyVAQ/original"
		},
		"2021003125685383":{
			"image":"SKINC202300012315_2021003125685383",
			"iconUrl":"https://mdn.alipayobjects.com/huamei_7cq5ei/afts/img/A*2vCITpGFDcwAAAAAAAAAAAAADqyVAQ/original"
		},
		"20000131":{
			"image":"SKINC202300012315_20000131",
			"iconUrl":"https://mdn.alipayobjects.com/huamei_7cq5ei/afts/img/A*R0oYRafXlPUAAAAAAAAAAAAADqyVAQ/original"
		},
		"09999999":{
			"image":"SKINC202300012315_09999999",
			"iconUrl":"https://mdn.alipayobjects.com/huamei_7cq5ei/afts/img/A*XdbmRK1ptOMAAAAAAAAAAAAADqyVAQ/original"
		},
		"68687844":{
			"image":"SKINC202300012315_68687844",
			"iconUrl":"https://mdn.alipayobjects.com/huamei_7cq5ei/afts/img/A*2RizSZOl33UAAAAAAAAAAAAADqyVAQ/original"
		},
		"20000032":{
			"image":"SKINC202300012315_20000032",
			"iconUrl":"https://mdn.alipayobjects.com/huamei_7cq5ei/afts/img/A*Z02ZTaFKHLYAAAAAAAAAAAAADqyVAQ/original"
		},
		"20000199":{
			"image":"SKINC202300012315_20000199",
			"iconUrl":"https://mdn.alipayobjects.com/huamei_7cq5ei/afts/img/A*5gvqS6zzOcgAAAAAAAAAAAAADqyVAQ/original"
		},
		"20000793":{
			"image":"SKINC202300012315_20000793",
			"iconUrl":"https://mdn.alipayobjects.com/huamei_7cq5ei/afts/img/A*m3ZmTou5PD4AAAAAAAAAAAAADqyVAQ/original"
		},
		"2019052265312523":{
			"image":"SKINC202300012315_2019052265312523",
			"iconUrl":"https://mdn.alipayobjects.com/huamei_7cq5ei/afts/img/A*BZOHS6XbulgAAAAAAAAAAAAADqyVAQ/original"
		},
		"10000011":{
			"image":"SKINC202300012315_10000011",
			"iconUrl":"https://mdn.alipayobjects.com/huamei_7cq5ei/afts/img/A*eImrQ6DnyV8AAAAAAAAAAAAADqyVAQ/original"
		},
		"66666674":{
			"image":"SKINC202300012315_66666674",
			"iconUrl":"https://mdn.alipayobjects.com/huamei_7cq5ei/afts/img/A*cfA2TLRFJvgAAAAAAAAAAAAADqyVAQ/original"
		},
		"88886666":{
			"image":"SKINC202300012315_88886666",
			"iconUrl":"https://mdn.alipayobjects.com/huamei_7cq5ei/afts/img/A*iUKGRpTSibIAAAAAAAAAAAAADqyVAQ/original"
		},
		"2021003172682207":{
			"image":"SKINC202300012315_2021003172682207",
			"iconUrl":"https://mdn.alipayobjects.com/huamei_7cq5ei/afts/img/A*kc2HSrN-MJcAAAAAAAAAAAAADqyVAQ/original"
		},
		"20000936":{
			"image":"SKINC202300012315_20000936",
			"iconUrl":"https://mdn.alipayobjects.com/huamei_7cq5ei/afts/img/A*_ICZTIRBHW8AAAAAAAAAAAAADqyVAQ/original"
		},
		"20000859":{
			"image":"SKINC202300012315_20000859",
			"iconUrl":"https://mdn.alipayobjects.com/huamei_7cq5ei/afts/img/A*M3ZMQqVhdjAAAAAAAAAAAAAADqyVAQ/original"
		},
		"20000919":{
			"image":"SKINC202300012315_20000919",
			"iconUrl":"https://mdn.alipayobjects.com/huamei_7cq5ei/afts/img/A*TepdTIbI5YwAAAAAAAAAAAAADqyVAQ/original"
		},
		"20000178":{
			"image":"SKINC202300012315_20000178",
			"iconUrl":"https://mdn.alipayobjects.com/huamei_7cq5ei/afts/img/A*Ki4iTaqFZn8AAAAAAAAAAAAADqyVAQ/original"
		},
		"20000134":{
			"image":"SKINC202300012315_20000134",
			"iconUrl":"https://mdn.alipayobjects.com/huamei_7cq5ei/afts/img/A*NG5wR4Tt_x8AAAAAAAAAAAAADqyVAQ/original"
		},
		"2021003141652419":{
			"image":"SKINC202300012315_2021003141652419",
			"iconUrl":"https://mdn.alipayobjects.com/huamei_7cq5ei/afts/img/A*esCfRKyEwEEAAAAAAAAAAAAADqyVAQ/original"
		},
		"20000139":{
			"image":"SKINC202300012315_20000139",
			"iconUrl":"https://mdn.alipayobjects.com/huamei_7cq5ei/afts/img/A*UJmzQbliIqIAAAAAAAAAAAAADqyVAQ/original"
		},
		"20000754":{
			"image":"SKINC202300012315_20000754",
			"iconUrl":"https://mdn.alipayobjects.com/huamei_7cq5ei/afts/img/A*1aDgQrkynEcAAAAAAAAAAAAADqyVAQ/original"
		},
		"77700207":{
			"image":"SKINC202300012315_77700207",
			"iconUrl":"https://mdn.alipayobjects.com/huamei_7cq5ei/afts/img/A*Br1gQLPf1_wAAAAAAAAAAAAADqyVAQ/original"
		},
		"20000118":{
			"image":"SKINC202300012315_20000118",
			"iconUrl":"https://mdn.alipayobjects.com/huamei_7cq5ei/afts/img/A*8xFAQ7TetwAAAAAAAAAAAAAADqyVAQ/original"
		},
		"20000160":{
			"image":"SKINC202300012315_20000160",
			"iconUrl":"https://mdn.alipayobjects.com/huamei_7cq5ei/afts/img/A*gS-1T5IyAeEAAAAAAAAAAAAADqyVAQ/original"
		},
		"2018070960585195":{
			"image":"SKINC202300012315_2018070960585195",
			"iconUrl":"https://mdn.alipayobjects.com/huamei_7cq5ei/afts/img/A*ZC4xRIyQ4XUAAAAAAAAAAAAADqyVAQ/original"
		},
		"20002065":{
			"image":"SKINC202300012315_20002065",
			"iconUrl":"https://mdn.alipayobjects.com/huamei_7cq5ei/afts/img/A*u64eSJc7KbgAAAAAAAAAAAAADqyVAQ/original"
		},
		"60000002":{
			"image":"SKINC202300012315_60000002",
			"iconUrl":"https://mdn.alipayobjects.com/huamei_7cq5ei/afts/img/A*T-ZdR45XFX0AAAAAAAAAAAAADqyVAQ/original"
		},
		"68687599":{
			"image":"SKINC202300012315_68687599",
			"iconUrl":"https://mdn.alipayobjects.com/huamei_7cq5ei/afts/img/A*gHzKQYVybDgAAAAAAAAAAAAADqyVAQ/original"
		},
		"20000120":{
			"image":"SKINC202300012315_20000120",
			"iconUrl":"https://mdn.alipayobjects.com/huamei_7cq5ei/afts/img/A*JCZWRLtPzOkAAAAAAAAAAAAADqyVAQ/original"
		},
		"09999988":{
			"image":"SKINC202300012315_09999988",
			"iconUrl":"https://mdn.alipayobjects.com/huamei_7cq5ei/afts/img/A*NZ9XR6tFqFQAAAAAAAAAAAAADqyVAQ/original"
		},
		"20002069":{
			"image":"SKINC202300012315_20002069",
			"iconUrl":"https://mdn.alipayobjects.com/huamei_7cq5ei/afts/img/A*mjT0RZvVpVcAAAAAAAAAAAAADqyVAQ/original"
		},
		"60000141":{
			"image":"SKINC202300012315_60000141",
			"iconUrl":"https://mdn.alipayobjects.com/huamei_7cq5ei/afts/img/A*6xbwRoQlNaoAAAAAAAAAAAAADqyVAQ/original"
		},
		"2021001141626787":{
			"image":"SKINC202300012315_2021001141626787",
			"iconUrl":"https://mdn.alipayobjects.com/huamei_7cq5ei/afts/img/A*FKdKR7J2YPQAAAAAAAAAAAAADqyVAQ/original"
		},
		"2021001108603619":{
			"image":"SKINC202300012315_2021001108603619",
			"iconUrl":"https://mdn.alipayobjects.com/huamei_7cq5ei/afts/img/A*KjIZRa2g4D8AAAAAAAAAAAAADqyVAQ/original"
		},
		"20000180":{
			"image":"SKINC202300012315_20000180",
			"iconUrl":"https://mdn.alipayobjects.com/huamei_7cq5ei/afts/img/A*lT4FTYpOAJEAAAAAAAAAAAAADqyVAQ/original"
		},
		"2021003115672468":{
			"image":"SKINC202300012315_2021003115672468",
			"iconUrl":"https://mdn.alipayobjects.com/huamei_7cq5ei/afts/img/A*QZ0-SZMtC34AAAAAAAAAAAAADqyVAQ/original"
		}
	},
	"skinId":"SKINC202300012315"
}